[
    {
        "address": "63173 BENNETT ROAD ROSELAND LA 70456",
        "bdc_url": "https://broadbandmap.fcc.gov/location-summary/fixed?lon=-90.55374&lat=30.76868&addr_full=63173+Bennett+Rd%2C+Roseland%2C+Louisiana+70456%2C+United+States&zoom=18.00&br=r&speed=25_3&tech=1_2_3_4_5_6_7_8",
        "google_url": "https://www.google.com/maps/embed/v1/place?key=AIzaSyDudtaSB3fXindR6nRwx9lgCFDej4Vj3mc&q=63173+Bennett+Rd+Roseland+LA+70456+USA&maptype=satellite&center=30.7687474,-90.5543867",
        "bing_url": "https://www.bing.com/maps/embed?h=750&w=950&cp=30.769422~-90.556072&lvl=17.1&pp=30.769422,-90.556072;66&sty=h&pushpin=30.769422,-90.556072;64&key=AnrQyIyFzp2pJ26l7-3k_6aNlKwSwVGKFJBB6nanCG1uRxTo8j4h18K0QJPTp74g"

    },
    {
        "address": "24277 MIXON ROAD AMITE CITY LA 70422",
        "bdc_url": "https://broadbandmap.fcc.gov/location-summary/fixed?lon=-90.32153&lat=30.77013&addr_full=24277+Mixon+Road%2C+Amite%2C+Louisiana+70422%2C+United+States&zoom=18.00&br=r&speed=25_3&tech=1_2_3_4_5_6_7_8",
        "google_url": "https://www.google.com/maps/embed/v1/place?key=AIzaSyDudtaSB3fXindR6nRwx9lgCFDej4Vj3mc&q=24277+Mixon+Rd+Amite+City+LA+70422+USA&maptype=satellite&center=30.7707342,-90.3210829"
    },
    {
        "address": "22446 HIGHWAY 1061 AMITE CITY LA 70422",
        "bdc_url": "https://broadbandmap.fcc.gov/location-summary/fixed?lon=-90.3601&lat=30.79603&addr_full=22446+Highway+1061%2C+Amite%2C+Louisiana+70422%2C+United+States&zoom=18.00&br=r&speed=25_3&tech=1_2_3_4_5_6_7_8",
        "google_url": "https://www.google.com/maps/embed/v1/place?key=AIzaSyDudtaSB3fXindR6nRwx9lgCFDej4Vj3mc&q=22446+LA-1061+Amite+City+LA+70422+USA&maptype=satellite&center=30.7966358,-90.3511357"
    },
    {
        "address": "70268 SPRUCE LANE TANGIPAHOA  LA 70465",
        "bdc_url": "https://broadbandmap.fcc.gov/location-summary/fixed?lon=-90.55374&lat=30.76868&addr_full=63173+Bennett+Rd%2C+Roseland%2C+Louisiana+70456%2C+United+States&zoom=18.00&br=r&speed=25_3&tech=1_2_3_4_5_6_7_8",
        "google_url": "https://www.google.com/maps/embed/v1/place?key=AIzaSyDudtaSB3fXindR6nRwx9lgCFDej4Vj3mc&q=70268+Spruce+Ln+Tangipahoa+LA+70465+USA&maptype=satellite&center=30.8755192,-90.5208165"
    },
    {
        "address": "15634 OLD MCMICHAEL ROAD AMITE LA 70422",
        "bdc_url": "https://broadbandmap.fcc.gov/location-summary/fixed?lon=-90.46252&lat=30.72591&addr_full=15634+Old+McMichael+Rd%2C+Amite%2C+Louisiana+70422%2C+United+States&zoom=18.00&br=r&speed=25_3&tech=1_2_3_4_5_6_7_8",
        "google_url": "https://www.google.com/maps/embed/v1/place?key=AIzaSyDudtaSB3fXindR6nRwx9lgCFDej4Vj3mc&q=15634+Old+McMichael+Rd,+Amite,+Louisiana+70422,+United+States&maptype=satellite&center=30.751026,-90.5511442&zoom=17"
    },
    {
        "address": "19388 ROLLING PINES DRIVE AMITE LA 70422",
        "bdc_url": "https://broadbandmap.fcc.gov/location-summary/fixed?lon=-90.40218&lat=30.7628&addr_full=19388+Rolling+Pines+Rd%2C+Amite%2C+Louisiana+70422%2C+United+States&zoom=18.00&br=r&speed=25_3&tech=1_2_3_4_5_6_7_8",
        "google_url": "https://www.google.com/maps/embed/v1/place?key=AIzaSyDudtaSB3fXindR6nRwx9lgCFDej4Vj3mc&q=19388+Rolling+Pine+Dr+Amite+City+LA+70422+USA&maptype=satellite&center=30.7620488,-90.4010732"
    },
    {
        "address": "25130 KELSEY DRIVE AMITE LA 70422",
        "bdc_url": "https://broadbandmap.fcc.gov/location-summary/fixed?lon=-90.30818&lat=30.77358&addr_full=25130+Kelsey+Drive%2C+Amite%2C+Louisiana+70422%2C+United+States&zoom=18.00&br=r&speed=25_3&tech=1_2_3_4_5_6_7_8",
        "google_url": "https://www.google.com/maps/embed/v1/place?key=AIzaSyDudtaSB3fXindR6nRwx9lgCFDej4Vj3mc&q=25130+Kelsey+Dr+Amite+City+LA+70422+USA&maptype=satellite&center=30.7744749,-90.3044374"
    },
    {
        "address": "415 EAST MARTIN LUTHER KING BOULEVARD AMITE LA 70422",
        "bdc_url": "https://broadbandmap.fcc.gov/location-summary/fixed?lon=-90.502105&lat=30.721365&addr_full=415+South+Myrtle+Street%2C+Amite%2C+Louisiana+70422%2C+United+States&zoom=18.00&br=r&speed=25_3&tech=1_2_3_4_5_6_7_8",
        "google_url": "https://www.google.com/maps/embed/v1/place?key=AIzaSyDudtaSB3fXindR6nRwx9lgCFDej4Vj3mc&q=415+S+Myrtle+St,+Amite+City,+LA+70422,USA&maptype=satellite"
    },
    {
        "address": "63150 REALIUS LANE ROSELAND LA 70456",
        "bdc_url": "https://broadbandmap.fcc.gov/location-summary/fixed?lon=-90.55433&lat=30.77127&addr_full=63150+Realius+Ln%2C+Roseland%2C+Louisiana+70456%2C+United+States&zoom=18.00&br=r&speed=25_3&tech=1_2_3_4_5_6_7_8",
        "google_url": "https://www.google.com/maps/embed/v1/place?key=AIzaSyDudtaSB3fXindR6nRwx9lgCFDej4Vj3mc&q=63150+Realius+Ln+Roseland+LA+70456+USA&maptype=satellite&center=30.7687428,-90.5527452"
    },
    {
        "address": "309 WEST PALM STREET LOT 1 AMITE LA 70422",
        "bdc_url": "https://broadbandmap.fcc.gov/location-summary/fixed?lon=-90.508982&lat=30.726575&addr_full=Amite%2C+Louisiana+70422%2C+United+States&zoom=18.00&br=r&speed=25_3&tech=1_2_3_4_5_6_7_8",
        "google_url": "https://www.google.com/maps/embed/v1/place?key=AIzaSyDudtaSB3fXindR6nRwx9lgCFDej4Vj3mc&q=309+WEST+PALM+STREET+LOT+1+AMITE+LA+70422&center=30.7212843,-90.5124363&zoom=16"
    },
    {
        "address": "63475 LOWERY ROAD AMITE CITY LA 70422",
        "bdc_url": "https://broadbandmap.fcc.gov/location-summary/fixed?lon=-90.35441&lat=30.7795&addr_full=63475+Lowery+Rd%2C+Amite%2C+Louisiana+70422%2C+United+States&zoom=18.00&br=r&speed=25_3&tech=1_2_3_4_5_6_7_8",
        "google_url": "https://www.google.com/maps/embed/v1/place?key=AIzaSyDudtaSB3fXindR6nRwx9lgCFDej4Vj3mc&q=63475+Lowery+Rd+Amite+City+LA+70422+USA&maptype=satellite"
    },
    {
        "address": "13104 WILLIE MILLER ROAD AMITE LA 70422",
        "bdc_url": "https://broadbandmap.fcc.gov/location-summary/fixed?lon=-90.50323&lat=30.67072&addr_full=13104+Willie+Miller+Rd%2C+Amite%2C+Louisiana+70422%2C+United+States&zoom=18.00&br=r&speed=25_3&tech=1_2_3_4_5_6_7_8",
        "google_url": "https://www.google.com/maps/embed/v1/place?key=AIzaSyDudtaSB3fXindR6nRwx9lgCFDej4Vj3mc&q=13104+Miller+Lane+Amite+City+LA+70422+USA&maptype=satellite"
    },
    {
        "address": "61175 J SOUTH MILLER ROAD AMITE CITY LA 70422",
        "bdc_url": "https://broadbandmap.fcc.gov/location-summary/fixed?lon=-90.41121&lat=30.74136&addr_full=61175+J+S+Miller+Road%2C+Amite%2C+Louisiana+70422%2C+United+States&zoom=18.00&br=r&speed=25_3&tech=1_2_3_4_5_6_7_8",
        "google_url": "https://www.google.com/maps/embed/v1/place?key=AIzaSyDudtaSB3fXindR6nRwx9lgCFDej4Vj3mc&q=61175+J+S+Miller+Rd+Amite+City+LA+70422+USA&maptype=satellite"
    },
    {
        "address": "63424 BENNETT ROAD ROSELAND LA 70456",
        "bdc_url": "https://broadbandmap.fcc.gov/location-summary/fixed?lon=-90.56258&lat=30.77204&addr_full=63424+Bennett+Rd%2C+Roseland%2C+Louisiana+70456%2C+United+States&zoom=18.00&br=r&speed=25_3&tech=1_2_3_4_5_6_7_8",
        "google_url": "https://www.google.com/maps/embed/v1/place?key=AIzaSyDudtaSB3fXindR6nRwx9lgCFDej4Vj3mc&q=63424+Bennett+Rd+Roseland+LA+70456+USA&maptype=satellite"
    },
    {
        "address": "60441 SMILIN ACRES ROAD AMITE LA 70422",
        "bdc_url": "https://broadbandmap.fcc.gov/location-summary/fixed?lon=-90.399135&lat=30.734255&addr_full=60441+Smiling+Acres+Road%2C+Amite%2C+Louisiana+70422%2C+United+States&zoom=18.00&br=r&speed=25_3&tech=1_2_3_4_5_6_7_8",
        "google_url": "https://www.google.com/maps/embed/v1/place?key=AIzaSyDudtaSB3fXindR6nRwx9lgCFDej4Vj3mc&q=60441+Smilin+Acres+Rd+Amite+City+LA+70422+USA&maptype=satellite"
    }
]